,TF_ID,Family_ID,TSource_ID,Motif_ID,MSource_ID,DBID,TF_Name,TF_Species,TF_Status,Family_Name,DBDs,DBD_Count,Cutoff,DBID.1,Motif_Type,MSource_Identifier,MSource_Type,MSource_Author,MSource_Year,PMID,MSource_Version,SR_Model,SR_NoThreshold,TfSource_Name,TfSource_URL,TfSource_Year,TfSource_Month,TfSource_Day,TF_Status_priority,Motif_Type_priority,mean_IC
0,T000084_3.00,F002_3.00,TS12_3.00,M00973_3.00,MS24_3.00,YKL112W,ABF1,Saccharomyces_cerevisiae,D,ABF1,BAF1_ABF1,1,0.7,Abf1,PBM,Gordan2011,PBM,Gordan,2011.0,22189060,,SequenceIdentity,True,Ensembl,http://www.ensembl.org/,2018,Dec,8,0,0.0,0.5531508761546847
1,T333324_3.00,F305_3.00,TS12_3.00,M07895_3.00,MS34_3.00,YMR072W,ABF2,Saccharomyces_cerevisiae,D,Sox,HMG_box,1,0.41467188012634704,MA0266.2,"PBM, CSA and or DIP-chip",JASPAR,JASPAR,Mathelier,2014.0,24194598,August 2014,SimilarityRegression,False,Ensembl,http://www.ensembl.org/,2018,Dec,8,0,0.0,1.7641724000182635
2,T069492_3.00,F091_3.00,TS12_3.00,M09617_3.00,MS14_3.00,YER045C,ACA1,Saccharomyces_cerevisiae,D,bZIP,bZIP_1,1,0.7817561867494799,YER045C_8,Misc,DeBoer11,Misc,DeBoer,2011.0,22102575,June 2011,SimilarityRegression,False,Ensembl,http://www.ensembl.org/,2018,Dec,8,0,6.0,1.770426041376754
3,T131846_3.00,F135_3.00,TS12_3.00,M07864_3.00,MS34_3.00,YLR131C,ACE2,Saccharomyces_cerevisiae,D,C2H2 ZF,zf-C2H2,1,0.7554544955391291,MA0267.2,"PBM, CSA and or DIP-chip",JASPAR,JASPAR,Mathelier,2014.0,24194598,August 2014,SimilarityRegression,False,Ensembl,http://www.ensembl.org/,2018,Dec,8,0,0.0,1.808784593162644
4,T131830_3.00,F135_3.00,TS12_3.00,M07853_3.00,MS34_3.00,YDR216W,ADR1,Saccharomyces_cerevisiae,D,C2H2 ZF,zf-C2H2,1,0.7554544955391291,MA0268.2,"PBM, CSA and or DIP-chip",JASPAR,JASPAR,Mathelier,2014.0,24194598,August 2014,SimilarityRegression,False,Ensembl,http://www.ensembl.org/,2018,Dec,8,0,0.0,1.392864797401465
5,T000262_3.00,F007_3.00,TS12_3.00,M01595_3.00,MS67_3.00,YGL071W,AFT1,Saccharomyces_cerevisiae,D,AFT,AFT,1,0.7,Aft1,PBM,Zhu09,PBM,Zhu,2009.0,19158363,,SequenceIdentity,True,Ensembl,http://www.ensembl.org/,2018,Dec,8,0,0.0,1.0547494706363056
6,T000263_3.00,F007_3.00,TS12_3.00,M07837_3.00,MS34_3.00,YPL202C,AFT2,Saccharomyces_cerevisiae,D,AFT,AFT,1,0.7,MA0270.2,"PBM, CSA and or DIP-chip",JASPAR,JASPAR,Mathelier,2014.0,24194598,August 2014,SequenceIdentity,True,Ensembl,http://www.ensembl.org/,2018,Dec,8,0,0.0,1.853118183348606
7,T350360_3.00,F319_3.00,TS12_3.00,M09741_3.00,MS14_3.00,YER069W,"ARG5,6",Saccharomyces_cerevisiae,D,Unknown,UNKNOWN,1,0.7,YER069W_1426,Misc,DeBoer11,Misc,DeBoer,2011.0,22102575,June 2011,SequenceIdentity,True,Ensembl,http://www.ensembl.org/,2018,Dec,8,0,6.0,1.247325208930023
8,T256840_3.00,F256_3.00,TS12_3.00,M09557_3.00,MS34_3.00,YMR042W,ARG80,Saccharomyces_cerevisiae,D,MADS box,SRF-TF,1,0.7,MA0271.1,ChIP-chip,JASPAR,JASPAR,Mathelier,2014.0,24194598,August 2014,SequenceIdentity,True,Ensembl,http://www.ensembl.org/,2018,Dec,8,0,6.0,1.5152815342072852
9,T388372_3.00,F324_3.00,TS12_3.00,M09571_3.00,MS34_3.00,YML099C,ARG81,Saccharomyces_cerevisiae,D,Zinc cluster,Zn_clus,1,0.537139946741652,MA0272.2,ChIP-chip,JASPAR,JASPAR,Mathelier,2014.0,24194598,August 2014,SimilarityRegression,False,Ensembl,http://www.ensembl.org/,2018,Dec,8,0,6.0,1.632737297980144
10,T388346_3.00,F324_3.00,TS12_3.00,M01659_3.00,MS67_3.00,YDR421W,ARO80,Saccharomyces_cerevisiae,D,Zinc cluster,Zn_clus,1,0.537139946741652,Aro80,PBM,Zhu09,PBM,Zhu,2009.0,19158363,,SimilarityRegression,False,Ensembl,http://www.ensembl.org/,2018,Dec,8,0,0.0,0.6245738574659137
11,T069503_3.00,F091_3.00,TS12_3.00,M09543_3.00,MS34_3.00,YPR199C,ARR1,Saccharomyces_cerevisiae,D,bZIP,bZIP_1,1,0.7817561867494799,MA0274.1,ChIP-chip,JASPAR,JASPAR,Mathelier,2014.0,24194598,August 2014,SimilarityRegression,False,Ensembl,http://www.ensembl.org/,2018,Dec,8,0,6.0,1.1233247031731808
12,T388355_3.00,F324_3.00,TS12_3.00,M07912_3.00,MS34_3.00,YIL130W,ASG1,Saccharomyces_cerevisiae,D,Zinc cluster,Zn_clus,1,0.537139946741652,MA0275.1,"PBM, CSA and or DIP-chip",JASPAR,JASPAR,Mathelier,2014.0,24194598,August 2014,SimilarityRegression,False,Ensembl,http://www.ensembl.org/,2018,Dec,8,0,0.0,1.5160442719502545
13,T195741_3.00,F201_3.00,TS12_3.00,M09552_3.00,MS34_3.00,YKL185W,ASH1,Saccharomyces_cerevisiae,D,GATA,GATA,1,0.80190444105386,MA0276.1,ChIP-chip,JASPAR,JASPAR,Mathelier,2014.0,24194598,August 2014,SimilarityRegression,False,Ensembl,http://www.ensembl.org/,2018,Dec,8,0,6.0,1.0733432807003904
14,T131854_3.00,F135_3.00,TS12_3.00,M07870_3.00,MS34_3.00,YOR113W,AZF1,Saccharomyces_cerevisiae,D,C2H2 ZF,zf-C2H2,1,0.7554544955391291,MA0277.1,"PBM, CSA and or DIP-chip",JASPAR,JASPAR,Mathelier,2014.0,24194598,August 2014,SimilarityRegression,False,Ensembl,http://www.ensembl.org/,2018,Dec,8,0,0.0,1.2805624623988394
15,T282183_3.00,F266_3.00,TS12_3.00,M01643_3.00,MS67_3.00,YKR099W,BAS1,Saccharomyces_cerevisiae,D,Myb/SANT,Myb_DNA-binding,1,0.660512459559739,Bas1,PBM,Zhu09,PBM,Zhu,2009.0,19158363,,SimilarityRegression,False,Ensembl,http://www.ensembl.org/,2018,Dec,8,0,0.0,1.6665808446887724
16,T069490_3.00,F091_3.00,TS12_3.00,M00974_3.00,MS24_3.00,YDR423C,CAD1,Saccharomyces_cerevisiae,D,bZIP,bZIP_1,1,0.7817561867494799,Cad1,PBM,Gordan2011,PBM,Gordan,2011.0,22189060,,SimilarityRegression,False,Ensembl,http://www.ensembl.org/,2018,Dec,8,0,0.0,1.2495574189416028
17,T350385_3.00,F319_3.00,TS12_3.00,M12576_3.00,MS63_3.00,YPL111W,CAR1,Saccharomyces_cerevisiae,D,Unknown,UNKNOWN,1,0.7,F$REPCAR1_01,Transfac,Transfac,Transfac,Matys,2006.0,16381825,7.0,SequenceIdentity,True,Ensembl,http://www.ensembl.org/,2018,Dec,8,0,2.0,0.8571843229724985
18,T388375_3.00,F324_3.00,TS12_3.00,M07925_3.00,MS34_3.00,YMR280C,CAT8,Saccharomyces_cerevisiae,D,Zinc cluster,Zn_clus,1,0.537139946741652,MA0280.2,"PBM, CSA and or DIP-chip",JASPAR,JASPAR,Mathelier,2014.0,24194598,August 2014,SimilarityRegression,False,Ensembl,http://www.ensembl.org/,2018,Dec,8,0,0.0,1.7497775501251032
19,T046367_3.00,F082_3.00,TS12_3.00,M01602_3.00,MS67_3.00,YJR060W,CBF1,Saccharomyces_cerevisiae,D,bHLH,HLH,1,0.837833807768996,Cbf1,PBM,Zhu09,PBM,Zhu,2009.0,19158363,,SimilarityRegression,False,Ensembl,http://www.ensembl.org/,2018,Dec,8,0,0.0,1.6138361826436478
20,T388374_3.00,F324_3.00,TS12_3.00,M07924_3.00,MS34_3.00,YMR168C,CEP3,Saccharomyces_cerevisiae,D,Zinc cluster,Zn_clus,1,0.537139946741652,MA0282.2,"PBM, CSA and or DIP-chip",JASPAR,JASPAR,Mathelier,2014.0,24194598,August 2014,SimilarityRegression,False,Ensembl,http://www.ensembl.org/,2018,Dec,8,0,0.0,1.6470663712116347
21,T388366_3.00,F324_3.00,TS12_3.00,M07918_3.00,MS34_3.00,YLR098C,CHA4,Saccharomyces_cerevisiae,D,Zinc cluster,Zn_clus,1,0.537139946741652,MA0283.1,"PBM, CSA and or DIP-chip",JASPAR,JASPAR,Mathelier,2014.0,24194598,August 2014,SimilarityRegression,False,Ensembl,http://www.ensembl.org/,2018,Dec,8,0,0.0,1.4045210713157656
22,T069502_3.00,F091_3.00,TS12_3.00,M00979_3.00,MS24_3.00,YOR028C,CIN5,Saccharomyces_cerevisiae,D,bZIP,bZIP_1,1,0.7817561867494799,Cin5,PBM,Gordan2011,PBM,Gordan,2011.0,22189060,,SimilarityRegression,False,Ensembl,http://www.ensembl.org/,2018,Dec,8,0,0.0,0.9409117768208682
23,T131857_3.00,F135_3.00,TS12_3.00,M07872_3.00,MS34_3.00,YPR013C,CMR3,Saccharomyces_cerevisiae,D,C2H2 ZF,zf-C2H2,1,0.7554544955391291,MA0434.2,"PBM, CSA and or DIP-chip",JASPAR,JASPAR,Mathelier,2014.0,24194598,August 2014,SimilarityRegression,False,Ensembl,http://www.ensembl.org/,2018,Dec,8,0,0.0,1.5045174053206847
24,T131834_3.00,F135_3.00,TS12_3.00,M07856_3.00,MS34_3.00,YER130C,COM2,Saccharomyces_cerevisiae,D,C2H2 ZF,zf-C2H2,1,0.7554544955391291,MA0423.2,"PBM, CSA and or DIP-chip",JASPAR,JASPAR,Mathelier,2014.0,24194598,August 2014,SimilarityRegression,False,Ensembl,http://www.ensembl.org/,2018,Dec,8,0,0.0,1.5874303005708161
25,T131853_3.00,F135_3.00,TS12_3.00,M07869_3.00,MS34_3.00,YNL027W,CRZ1,Saccharomyces_cerevisiae,D,C2H2 ZF,zf-C2H2,1,0.7554544955391291,MA0285.2,"PBM, CSA and or DIP-chip",JASPAR,JASPAR,Mathelier,2014.0,24194598,August 2014,SimilarityRegression,False,Ensembl,http://www.ensembl.org/,2018,Dec,8,0,0.0,1.3292004510369961
26,T069495_3.00,F091_3.00,TS12_3.00,M07847_3.00,MS34_3.00,YIL036W,CST6,Saccharomyces_cerevisiae,D,bZIP,bZIP_1,1,0.7817561867494799,MA0286.2,"PBM, CSA and or DIP-chip",JASPAR,JASPAR,Mathelier,2014.0,24194598,August 2014,SimilarityRegression,False,Ensembl,http://www.ensembl.org/,2018,Dec,8,0,0.0,1.8240693970389241
27,T164130_3.00,F156_3.00,TS12_3.00,M09581_3.00,MS34_3.00,YGL166W,CUP2,Saccharomyces_cerevisiae,D,Copper fist,Copper-fist,1,0.7,MA0287.1,COMPILED,JASPAR,JASPAR,Mathelier,2014.0,24194598,August 2014,SequenceIdentity,True,Ensembl,http://www.ensembl.org/,2018,Dec,8,0,6.0,1.4219693504919724
28,T224763_3.00,F223_3.00,TS12_3.00,M07889_3.00,MS34_3.00,YPL177C,CUP9,Saccharomyces_cerevisiae,D,Homeodomain,Homeobox,1,0.598692764790911,MA0288.1,"PBM, CSA and or DIP-chip",JASPAR,JASPAR,Mathelier,2014.0,24194598,August 2014,SimilarityRegression,False,Ensembl,http://www.ensembl.org/,2018,Dec,8,0,0.0,1.203436320250154
29,T195742_3.00,F201_3.00,TS12_3.00,M07882_3.00,MS34_3.00,YKR034W,DAL80,Saccharomyces_cerevisiae,D,GATA,GATA,1,0.80190444105386,MA0289.1,"PBM, CSA and or DIP-chip",JASPAR,JASPAR,Mathelier,2014.0,24194598,August 2014,SimilarityRegression,False,Ensembl,http://www.ensembl.org/,2018,Dec,8,0,0.0,1.5692768923454334
30,T388356_3.00,F324_3.00,TS12_3.00,M09570_3.00,MS34_3.00,YIR023W,DAL81,Saccharomyces_cerevisiae,D,Zinc cluster,Zn_clus,1,0.537139946741652,MA0290.1,ChIP-chip,JASPAR,JASPAR,Mathelier,2014.0,24194598,August 2014,SimilarityRegression,False,Ensembl,http://www.ensembl.org/,2018,Dec,8,0,6.0,1.9999999998804103
31,T350382_3.00,F319_3.00,TS12_3.00,M07898_3.00,MS34_3.00,YNL314W,DAL82,Saccharomyces_cerevisiae,D,Unknown,UNKNOWN,1,0.7,MA0291.1,"PBM, CSA and or DIP-chip",JASPAR,JASPAR,Mathelier,2014.0,24194598,August 2014,SequenceIdentity,True,Ensembl,http://www.ensembl.org/,2018,Dec,8,0,0.0,1.037888831584391
32,T350375_3.00,F319_3.00,TS12_3.00,M09753_3.00,MS14_3.00,YML113W,DAT1,Saccharomyces_cerevisiae,D,Unknown,UNKNOWN,1,0.7,YML113W_1416,Misc,DeBoer11,Misc,DeBoer,2011.0,22102575,June 2011,SequenceIdentity,True,Ensembl,http://www.ensembl.org/,2018,Dec,8,0,6.0,1.8181818180731006
33,T282181_3.00,F266_3.00,TS12_3.00,M01642_3.00,MS67_3.00,YER088C,DOT6,Saccharomyces_cerevisiae,D,Myb/SANT,Myb_DNA-binding,1,0.660512459559739,Pbf2,PBM,Zhu09,PBM,Zhu,2009.0,19158363,,SimilarityRegression,False,Ensembl,http://www.ensembl.org/,2018,Dec,8,0,0.0,0.9332644727905736
34,T388367_3.00,F324_3.00,TS12_3.00,M07919_3.00,MS34_3.00,YLR228C,ECM22,Saccharomyces_cerevisiae,D,Zinc cluster,Zn_clus,1,0.537139946741652,MA0292.2,"PBM, CSA and or DIP-chip",JASPAR,JASPAR,Mathelier,2014.0,24194598,August 2014,SimilarityRegression,False,Ensembl,http://www.ensembl.org/,2018,Dec,8,0,0.0,1.5303467200720524
35,T195745_3.00,F201_3.00,TS12_3.00,M07884_3.00,MS34_3.00,YPL021W,ECM23,Saccharomyces_cerevisiae,D,GATA,GATA,1,0.80190444105386,MA0293.2,"PBM, CSA and or DIP-chip",JASPAR,JASPAR,Mathelier,2014.0,24194598,August 2014,SimilarityRegression,False,Ensembl,http://www.ensembl.org/,2018,Dec,8,0,0.0,1.427304549841056
36,T015814_3.00,F028_3.00,TS12_3.00,M01751_3.00,MS68_3.00,YMR176W,ECM5,Saccharomyces_cerevisiae,I,ARID/BRIGHT,ARID,1,0.42223096627141105,pTH8942,PBM,Zoo_01,PBM,Weirauch,2014.0,25215497,,SimilarityRegression,False,Ensembl,http://www.ensembl.org/,2018,Dec,8,1,0.0,0.28466597481673583
37,T388335_3.00,F324_3.00,TS12_3.00,M07900_3.00,MS34_3.00,YBR033W,EDS1,Saccharomyces_cerevisiae,D,Zinc cluster,Zn_clus,1,0.537139946741652,MA0294.2,"PBM, CSA and or DIP-chip",JASPAR,JASPAR,Mathelier,2014.0,24194598,August 2014,SimilarityRegression,False,Ensembl,http://www.ensembl.org/,2018,Dec,8,0,0.0,1.5209929122498365
38,T388337_3.00,F324_3.00,TS12_3.00,M07902_3.00,MS34_3.00,YBR239C,ERT1,Saccharomyces_cerevisiae,D,Zinc cluster,Zn_clus,1,0.537139946741652,MA0420.2,"PBM, CSA and or DIP-chip",JASPAR,JASPAR,Mathelier,2014.0,24194598,August 2014,SimilarityRegression,False,Ensembl,http://www.ensembl.org/,2018,Dec,8,0,0.0,1.5956044940951046
39,T188840_3.00,F196_3.00,TS12_3.00,M07876_3.00,MS34_3.00,YPR104C,FHL1,Saccharomyces_cerevisiae,D,Forkhead,Forkhead,1,0.663506654180558,MA0295.2,"PBM, CSA and or DIP-chip",JASPAR,JASPAR,Mathelier,2014.0,24194598,August 2014,SimilarityRegression,False,Ensembl,http://www.ensembl.org/,2018,Dec,8,0,0.0,1.843668135363938
40,T188838_3.00,F196_3.00,TS12_3.00,M01623_3.00,MS67_3.00,YIL131C,FKH1,Saccharomyces_cerevisiae,D,Forkhead,Forkhead,1,0.663506654180558,Fkh1,PBM,Zhu09,PBM,Zhu,2009.0,19158363,,SimilarityRegression,False,Ensembl,http://www.ensembl.org/,2018,Dec,8,0,0.0,0.5076971674389139
41,T188839_3.00,F196_3.00,TS12_3.00,M07875_3.00,MS34_3.00,YNL068C,FKH2,Saccharomyces_cerevisiae,D,Forkhead,Forkhead,1,0.663506654180558,MA0297.1,"PBM, CSA and or DIP-chip",JASPAR,JASPAR,Mathelier,2014.0,24194598,August 2014,SimilarityRegression,False,Ensembl,http://www.ensembl.org/,2018,Dec,8,0,0.0,1.9208717665310628
42,T350361_3.00,F319_3.00,TS12_3.00,M09742_3.00,MS14_3.00,YER109C,FLO8,Saccharomyces_cerevisiae,D,Unknown,UNKNOWN,1,0.7,YER109C_67,Misc,DeBoer11,Misc,DeBoer,2011.0,22102575,June 2011,SequenceIdentity,True,Ensembl,http://www.ensembl.org/,2018,Dec,8,0,6.0,1.9999999998804108
43,T350354_3.00,F319_3.00,TS12_3.00,M09735_3.00,MS14_3.00,YCL058C,FYV5,Saccharomyces_cerevisiae,D,Unknown,UNKNOWN,1,0.7,YCL058C_1417,Misc,DeBoer11,Misc,DeBoer,2011.0,22102575,June 2011,SequenceIdentity,True,Ensembl,http://www.ensembl.org/,2018,Dec,8,0,6.0,0.6999999999581437
44,T131838_3.00,F135_3.00,TS12_3.00,M00083_3.00,MS01_3.00,YGL254W,FZF1,Saccharomyces_cerevisiae,D,C2H2 ZF,zf-C2H2,1,0.7554544955391291,FZF1_4526,PBM,Badis08,PBM,Badis,2008.0,19111667,,SimilarityRegression,False,Ensembl,http://www.ensembl.org/,2018,Dec,8,0,0.0,1.2657480979299887
45,T388384_3.00,F324_3.00,TS12_3.00,M01681_3.00,MS67_3.00,YPL248C,GAL4,Saccharomyces_cerevisiae,D,Zinc cluster,Zn_clus,1,0.537139946741652,Gal4,PBM,Zhu09,PBM,Zhu,2009.0,19158363,,SimilarityRegression,False,Ensembl,http://www.ensembl.org/,2018,Dec,8,0,0.0,0.9182223258298297
46,T195738_3.00,F201_3.00,TS12_3.00,M07879_3.00,MS34_3.00,YFL021W,GAT1,Saccharomyces_cerevisiae,D,GATA,GATA,1,0.80190444105386,MA0300.2,"PBM, CSA and or DIP-chip",JASPAR,JASPAR,Mathelier,2014.0,24194598,August 2014,SimilarityRegression,False,Ensembl,http://www.ensembl.org/,2018,Dec,8,0,0.0,1.863110198794016
47,T195743_3.00,F201_3.00,TS12_3.00,M07883_3.00,MS34_3.00,YLR013W,GAT3,Saccharomyces_cerevisiae,D,GATA,GATA,1,0.80190444105386,MA0301.2,"PBM, CSA and or DIP-chip",JASPAR,JASPAR,Mathelier,2014.0,24194598,August 2014,SimilarityRegression,False,Ensembl,http://www.ensembl.org/,2018,Dec,8,0,0.0,1.1942868082658502
48,T195739_3.00,F201_3.00,TS12_3.00,M07880_3.00,MS34_3.00,YIR013C,GAT4,Saccharomyces_cerevisiae,D,GATA,GATA,1,0.80190444105386,MA0302.2,"PBM, CSA and or DIP-chip",JASPAR,JASPAR,Mathelier,2014.0,24194598,August 2014,SimilarityRegression,False,Ensembl,http://www.ensembl.org/,2018,Dec,8,0,0.0,1.5620634067625092
49,T069491_3.00,F091_3.00,TS12_3.00,M01605_3.00,MS67_3.00,YEL009C,GCN4,Saccharomyces_cerevisiae,D,bZIP,bZIP_1,1,0.7817561867494799,Gcn4,PBM,Zhu09,PBM,Zhu,2009.0,19158363,,SimilarityRegression,False,Ensembl,http://www.ensembl.org/,2018,Dec,8,0,0.0,0.6569713256726177
50,T198678_3.00,F213_3.00,TS12_3.00,M00985_3.00,MS24_3.00,YPL075W,GCR1,Saccharomyces_cerevisiae,D,GCR1,GCR1_C,1,0.7,Gcr1,PBM,Gordan2011,PBM,Gordan,2011.0,22189060,,SequenceIdentity,True,Ensembl,http://www.ensembl.org/,2018,Dec,8,0,0.0,0.6320554319872012
51,T350381_3.00,F319_3.00,TS12_3.00,M09567_3.00,MS34_3.00,YNL199C,GCR2,Saccharomyces_cerevisiae,D,Unknown,UNKNOWN,1,0.7,MA0305.2,ChIP-chip,JASPAR,JASPAR,Mathelier,2014.0,24194598,August 2014,SequenceIdentity,True,Ensembl,http://www.ensembl.org/,2018,Dec,8,0,6.0,1.6477111175507835
52,T131828_3.00,F135_3.00,TS12_3.00,M07851_3.00,MS34_3.00,YDR096W,GIS1,Saccharomyces_cerevisiae,D,C2H2 ZF,zf-C2H2,1,0.7554544955391291,MA0306.2,"PBM, CSA and or DIP-chip",JASPAR,JASPAR,Mathelier,2014.0,24194598,August 2014,SimilarityRegression,False,Ensembl,http://www.ensembl.org/,2018,Dec,8,0,0.0,1.6035925299675364
53,T195737_3.00,F201_3.00,TS12_3.00,M07878_3.00,MS34_3.00,YER040W,GLN3,Saccharomyces_cerevisiae,D,GATA,GATA,1,0.80190444105386,MA0307.1,"PBM, CSA and or DIP-chip",JASPAR,JASPAR,Mathelier,2014.0,24194598,August 2014,SimilarityRegression,False,Ensembl,http://www.ensembl.org/,2018,Dec,8,0,0.0,1.5722324677676673
54,T388358_3.00,F324_3.00,TS12_3.00,M01665_3.00,MS67_3.00,YJL103C,GSM1,Saccharomyces_cerevisiae,D,Zinc cluster,Zn_clus,1,0.537139946741652,Gsm1,PBM,Zhu09,PBM,Zhu,2009.0,19158363,,SimilarityRegression,False,Ensembl,http://www.ensembl.org/,2018,Dec,8,0,0.0,0.5814942136464822
55,T350365_3.00,F319_3.00,TS12_3.00,M09746_3.00,MS14_3.00,YGL181W,GTS1,Saccharomyces_cerevisiae,D,Unknown,UNKNOWN,1,0.7,YGL181W_694,Misc,DeBoer11,Misc,DeBoer,2011.0,22102575,June 2011,SequenceIdentity,True,Ensembl,http://www.ensembl.org/,2018,Dec,8,0,6.0,1.5703373230170607
56,T195740_3.00,F201_3.00,TS12_3.00,M07881_3.00,MS34_3.00,YJL110C,GZF3,Saccharomyces_cerevisiae,D,GATA,GATA,1,0.80190444105386,MA0309.2,"PBM, CSA and or DIP-chip",JASPAR,JASPAR,Mathelier,2014.0,24194598,August 2014,SimilarityRegression,False,Ensembl,http://www.ensembl.org/,2018,Dec,8,0,0.0,1.4467269494036892
57,T164132_3.00,F156_3.00,TS12_3.00,M09676_3.00,MS14_3.00,YPR008W,HAA1,Saccharomyces_cerevisiae,D,Copper fist,Copper-fist,1,0.7,YPR008W_1425,Misc,DeBoer11,Misc,DeBoer,2011.0,22102575,June 2011,SequenceIdentity,True,Ensembl,http://www.ensembl.org/,2018,Dec,8,0,6.0,1.499999999900342
58,T069493_3.00,F091_3.00,TS12_3.00,M07845_3.00,MS34_3.00,YFL031W,HAC1,Saccharomyces_cerevisiae,D,bZIP,bZIP_1,1,0.7817561867494799,MA0310.2,"PBM, CSA and or DIP-chip",JASPAR,JASPAR,Mathelier,2014.0,24194598,August 2014,SimilarityRegression,False,Ensembl,http://www.ensembl.org/,2018,Dec,8,0,0.0,1.6400880092424868
59,T388377_3.00,F324_3.00,TS12_3.00,M07927_3.00,MS34_3.00,YOL089C,HAL9,Saccharomyces_cerevisiae,D,Zinc cluster,Zn_clus,1,0.537139946741652,MA0311.1,"PBM, CSA and or DIP-chip",JASPAR,JASPAR,Mathelier,2014.0,24194598,August 2014,SimilarityRegression,False,Ensembl,http://www.ensembl.org/,2018,Dec,8,0,0.0,1.809300283493183
60,T388368_3.00,F324_3.00,TS12_3.00,M00996_3.00,MS24_3.00,YLR256W,HAP1,Saccharomyces_cerevisiae,D,Zinc cluster,Zn_clus,1,0.537139946741652,Hap1,PBM,Gordan2011,PBM,Gordan,2011.0,22189060,,SimilarityRegression,False,Ensembl,http://www.ensembl.org/,2018,Dec,8,0,0.0,1.1911860128468046
61,T160514_3.00,F138_3.00,TS12_3.00,M09580_3.00,MS34_3.00,YGL237C,HAP2,Saccharomyces_cerevisiae,D,CBF/NF-Y,CBFB_NFYA,1,0.7,MA0313.1,COMPILED,JASPAR,JASPAR,Mathelier,2014.0,24194598,August 2014,SequenceIdentity,True,Ensembl,http://www.ensembl.org/,2018,Dec,8,0,6.0,1.6442558494099853
62,T350352_3.00,F319_3.00,TS12_3.00,M07964_3.00,MS34_3.00,YBL021C,HAP3,Saccharomyces_cerevisiae,D,Unknown,UNKNOWN,1,0.7,MA0314.3,ChIP-exo,JASPAR,JASPAR,Mathelier,2014.0,24194598,August 2014,SequenceIdentity,True,Ensembl,http://www.ensembl.org/,2018,Dec,8,0,6.0,1.3934139524389206
63,T350371_3.00,F319_3.00,TS12_3.00,M09750_3.00,MS14_3.00,YKL109W,HAP4,Saccharomyces_cerevisiae,D,Unknown,UNKNOWN,1,0.7,YKL109W_695,Misc,DeBoer11,Misc,DeBoer,2011.0,22102575,June 2011,SequenceIdentity,True,Ensembl,http://www.ensembl.org/,2018,Dec,8,0,6.0,0.7588071257339591
64,T350384_3.00,F319_3.00,TS12_3.00,M09590_3.00,MS34_3.00,YOR358W,HAP5,Saccharomyces_cerevisiae,D,Unknown,UNKNOWN,1,0.7,MA0316.2,COMPILED,JASPAR,JASPAR,Mathelier,2014.0,24194598,August 2014,SequenceIdentity,True,Ensembl,http://www.ensembl.org/,2018,Dec,8,0,6.0,0.9493377676586137
65,T188837_3.00,F196_3.00,TS12_3.00,M07874_3.00,MS34_3.00,YCR065W,HCM1,Saccharomyces_cerevisiae,D,Forkhead,Forkhead,1,0.663506654180558,MA0317.2,"PBM, CSA and or DIP-chip",JASPAR,JASPAR,Mathelier,2014.0,24194598,August 2014,SimilarityRegression,False,Ensembl,http://www.ensembl.org/,2018,Dec,8,0,0.0,1.2199299284716314
66,T350357_3.00,F319_3.00,TS12_3.00,M09738_3.00,MS14_3.00,YDR266C,HEL2,Saccharomyces_cerevisiae,D,Unknown,UNKNOWN,1,0.7,YDR266C_1161,Misc,DeBoer11,Misc,DeBoer,2011.0,22102575,June 2011,SequenceIdentity,True,Ensembl,http://www.ensembl.org/,2018,Dec,8,0,6.0,1.4767488859926354
67,T259801_3.00,F257_3.00,TS12_3.00,M09714_3.00,MS14_3.00,YCL066W,HMLALPHA1,Saccharomyces_cerevisiae,I,MATalpha_HMGbox,MATalpha_HMGbox,1,0.7,YCR040W_1418,Misc,DeBoer11,Misc,DeBoer,2011.0,22102575,June 2011,SequenceIdentity,True,Ensembl,http://www.ensembl.org/,2018,Dec,8,1,6.0,1.175803124463064
68,T224755_3.00,F223_3.00,TS12_3.00,M00986_3.00,MS24_3.00,YCL067C,HMLALPHA2,Saccharomyces_cerevisiae,D,Homeodomain,Homeobox,1,0.598692764790911,Hmlalpha2,PBM,Gordan2011,PBM,Gordan,2011.0,22189060,,SimilarityRegression,False,Ensembl,http://www.ensembl.org/,2018,Dec,8,0,0.0,0.30478570582702263
69,T224758_3.00,F223_3.00,TS12_3.00,M11918_3.00,MS63_3.00,YCR097W,HMRA1,Saccharomyces_cerevisiae,D,Homeodomain,Homeobox,1,0.598692764790911,F$MATA1_01,Transfac,Transfac,Transfac,Matys,2006.0,16381825,7.0,SimilarityRegression,False,Ensembl,http://www.ensembl.org/,2018,Dec,8,0,2.0,1.2254882087937757
70,T224757_3.00,F223_3.00,TS12_3.00,M07885_3.00,MS34_3.00,YCR096C,HMRA2,Saccharomyces_cerevisiae,D,Homeodomain,Homeobox,1,0.598692764790911,MA0318.1,"PBM, CSA and or DIP-chip",JASPAR,JASPAR,Mathelier,2014.0,24194598,August 2014,SimilarityRegression,False,Ensembl,http://www.ensembl.org/,2018,Dec,8,0,0.0,1.3385446347562873
71,T046370_3.00,F082_3.00,TS12_3.00,M09611_3.00,MS14_3.00,YOR032C,HMS1,Saccharomyces_cerevisiae,D,bHLH,HLH,1,0.837833807768996,YOR032C_1498,Misc,DeBoer11,Misc,DeBoer,2011.0,22102575,June 2011,SimilarityRegression,False,Ensembl,http://www.ensembl.org/,2018,Dec,8,0,6.0,0.6272775494594531
72,T242486_3.00,F238_3.00,TS12_3.00,M09707_3.00,MS14_3.00,YJR147W,HMS2,Saccharomyces_cerevisiae,D,HSF,HSF_DNA-bind,1,0.318226806610659,YJR147W_992,Misc,DeBoer11,Misc,DeBoer,2011.0,22102575,June 2011,SimilarityRegression,False,Ensembl,http://www.ensembl.org/,2018,Dec,8,0,6.0,1.6785193214734164
73,T242483_3.00,F238_3.00,TS12_3.00,M07890_3.00,MS34_3.00,YGL073W,HSF1,Saccharomyces_cerevisiae,D,HSF,HSF_DNA-bind,1,0.318226806610659,MA0319.2,"PBM, CSA and or DIP-chip",JASPAR,JASPAR,Mathelier,2014.0,24194598,August 2014,SimilarityRegression,False,Ensembl,http://www.ensembl.org/,2018,Dec,8,0,0.0,1.4111360550514438
74,T350369_3.00,F319_3.00,TS12_3.00,M09565_3.00,MS34_3.00,YJR094C,IME1,Saccharomyces_cerevisiae,D,Unknown,UNKNOWN,1,0.7,MA0320.1,ChIP-chip,JASPAR,JASPAR,Mathelier,2014.0,24194598,August 2014,SequenceIdentity,True,Ensembl,http://www.ensembl.org/,2018,Dec,8,0,6.0,1.728847853614191
75,T350366_3.00,F319_3.00,TS12_3.00,M09747_3.00,MS14_3.00,YGL192W,IME4,Saccharomyces_cerevisiae,D,Unknown,UNKNOWN,1,0.7,YGL192W_1000,Misc,DeBoer11,Misc,DeBoer,2011.0,22102575,June 2011,SequenceIdentity,True,Ensembl,http://www.ensembl.org/,2018,Dec,8,0,6.0,1.1969753012156967
76,T046365_3.00,F082_3.00,TS12_3.00,M09538_3.00,MS34_3.00,YDR123C,INO2,Saccharomyces_cerevisiae,D,bHLH,HLH,1,0.837833807768996,MA0321.1,ChIP-chip,JASPAR,JASPAR,Mathelier,2014.0,24194598,August 2014,SimilarityRegression,False,Ensembl,http://www.ensembl.org/,2018,Dec,8,0,6.0,1.4238266996337658
77,T046369_3.00,F082_3.00,TS12_3.00,M09539_3.00,MS34_3.00,YOL108C,INO4,Saccharomyces_cerevisiae,D,bHLH,HLH,1,0.837833807768996,MA0322.1,ChIP-chip,JASPAR,JASPAR,Mathelier,2014.0,24194598,August 2014,SimilarityRegression,False,Ensembl,http://www.ensembl.org/,2018,Dec,8,0,6.0,1.4677168551633843
78,T333323_3.00,F305_3.00,TS12_3.00,M09560_3.00,MS34_3.00,YKL032C,IXR1,Saccharomyces_cerevisiae,D,Sox,HMG_box,1,0.41467188012634704,MA0323.1,ChIP-chip,JASPAR,JASPAR,Mathelier,2014.0,24194598,August 2014,SimilarityRegression,False,Ensembl,http://www.ensembl.org/,2018,Dec,8,0,6.0,1.3748530394871807
79,T350359_3.00,F319_3.00,TS12_3.00,M09740_3.00,MS14_3.00,YER051W,JHD1,Saccharomyces_cerevisiae,D,Unknown,UNKNOWN,1,0.7,YER051W_662,Misc,DeBoer11,Misc,DeBoer,2011.0,22102575,June 2011,SequenceIdentity,True,Ensembl,http://www.ensembl.org/,2018,Dec,8,0,6.0,1.7300034988585142
80,T350353_3.00,F319_3.00,TS12_3.00,M09734_3.00,MS14_3.00,YCL055W,KAR4,Saccharomyces_cerevisiae,D,Unknown,UNKNOWN,1,0.7,YCL055W_127,Misc,DeBoer11,Misc,DeBoer,2011.0,22102575,June 2011,SequenceIdentity,True,Ensembl,http://www.ensembl.org/,2018,Dec,8,0,6.0,1.0953023516094318
81,T388371_3.00,F324_3.00,TS12_3.00,M07922_3.00,MS34_3.00,YLR451W,LEU3,Saccharomyces_cerevisiae,D,Zinc cluster,Zn_clus,1,0.537139946741652,MA0324.1,"PBM, CSA and or DIP-chip",JASPAR,JASPAR,Mathelier,2014.0,24194598,August 2014,SimilarityRegression,False,Ensembl,http://www.ensembl.org/,2018,Dec,8,0,0.0,1.226762757845852
82,T388342_3.00,F324_3.00,TS12_3.00,M07905_3.00,MS34_3.00,YDR034C,LYS14,Saccharomyces_cerevisiae,D,Zinc cluster,Zn_clus,1,0.537139946741652,MA0325.2,"PBM, CSA and or DIP-chip",JASPAR,JASPAR,Mathelier,2014.0,24194598,August 2014,SimilarityRegression,False,Ensembl,http://www.ensembl.org/,2018,Dec,8,0,0.0,1.617360041436746
83,T164131_3.00,F156_3.00,TS12_3.00,M09582_3.00,MS34_3.00,YMR021C,MAC1,Saccharomyces_cerevisiae,D,Copper fist,Copper-fist,1,0.7,MA0326.1,COMPILED,JASPAR,JASPAR,Mathelier,2014.0,24194598,August 2014,SequenceIdentity,True,Ensembl,http://www.ensembl.org/,2018,Dec,8,0,6.0,1.653613742858675
84,T373459_3.00,F324_3.00,TS12_3.00,M01683_3.00,MS67_3.00,MAL63_YEASX,MAL63_YEASX,Saccharomyces_cerevisiae,I,Zinc cluster,Zn_clus,1,0.537139946741652,Ypr196w,PBM,Zhu09,PBM,Zhu,2009.0,19158363,,SimilarityRegression,False,Ensembl,http://www.ensembl.org/,2018,Dec,8,1,0.0,1.7479107174676072
85,T259802_3.00,F257_3.00,TS12_3.00,M09714_3.00,MS14_3.00,YCR040W,MATALPHA1,Saccharomyces_cerevisiae,D,MATalpha_HMGbox,MATalpha_HMGbox,1,0.7,YCR040W_1418,Misc,DeBoer11,Misc,DeBoer,2011.0,22102575,June 2011,SequenceIdentity,True,Ensembl,http://www.ensembl.org/,2018,Dec,8,0,6.0,1.175803124463064
86,T224756_3.00,F223_3.00,TS12_3.00,M02271_3.00,MS68_3.00,YCR039C,MATALPHA2,Saccharomyces_cerevisiae,D,Homeodomain,Homeobox,1,0.598692764790911,pTH6506,PBM,Zoo_01,PBM,Weirauch,2014.0,25215497,,SimilarityRegression,False,Ensembl,http://www.ensembl.org/,2018,Dec,8,0,0.0,0.22365619754575863
87,T012462_3.00,F026_3.00,TS12_3.00,M07838_3.00,MS34_3.00,YDL056W,MBP1,Saccharomyces_cerevisiae,D,APSES,KilA-N,1,0.6503772477172199,MA0329.2,"PBM, CSA and or DIP-chip",JASPAR,JASPAR,Mathelier,2014.0,24194598,August 2014,SimilarityRegression,False,Ensembl,http://www.ensembl.org/,2018,Dec,8,0,0.0,1.406579586504079
88,T256841_3.00,F256_3.00,TS12_3.00,M01640_3.00,MS67_3.00,YMR043W,MCM1,Saccharomyces_cerevisiae,D,MADS box,SRF-TF,1,0.7,Mcm1,PBM,Zhu09,PBM,Zhu,2009.0,19158363,,SequenceIdentity,True,Ensembl,http://www.ensembl.org/,2018,Dec,8,0,0.0,0.30598720026857384
89,T069496_3.00,F091_3.00,TS12_3.00,M09541_3.00,MS34_3.00,YIR017C,MET28,Saccharomyces_cerevisiae,D,bZIP,bZIP_1,1,0.7817561867494799,MA0332.1,ChIP-chip,JASPAR,JASPAR,Mathelier,2014.0,24194598,August 2014,SimilarityRegression,False,Ensembl,http://www.ensembl.org/,2018,Dec,8,0,6.0,1.9999999998804106
90,T131855_3.00,F135_3.00,TS12_3.00,M07871_3.00,MS34_3.00,YPL038W,MET31,Saccharomyces_cerevisiae,D,C2H2 ZF,zf-C2H2,1,0.7554544955391291,MA0333.2,"PBM, CSA and or DIP-chip",JASPAR,JASPAR,Mathelier,2014.0,24194598,August 2014,SimilarityRegression,False,Ensembl,http://www.ensembl.org/,2018,Dec,8,0,0.0,1.8061274830190068
91,T131831_3.00,F135_3.00,TS12_3.00,M07854_3.00,MS34_3.00,YDR253C,MET32,Saccharomyces_cerevisiae,D,C2H2 ZF,zf-C2H2,1,0.7554544955391291,MA0334.2,"PBM, CSA and or DIP-chip",JASPAR,JASPAR,Mathelier,2014.0,24194598,August 2014,SimilarityRegression,False,Ensembl,http://www.ensembl.org/,2018,Dec,8,0,0.0,1.483523176102311
92,T242484_3.00,F238_3.00,TS12_3.00,M01636_3.00,MS67_3.00,YGR249W,MGA1,Saccharomyces_cerevisiae,D,HSF,HSF_DNA-bind,1,0.318226806610659,Mga1,PBM,Zhu09,PBM,Zhu,2009.0,19158363,,SimilarityRegression,False,Ensembl,http://www.ensembl.org/,2018,Dec,8,0,0.0,0.39466969563605525
93,T131836_3.00,F135_3.00,TS12_3.00,M07858_3.00,MS34_3.00,YGL035C,MIG1,Saccharomyces_cerevisiae,D,C2H2 ZF,zf-C2H2,1,0.7554544955391291,MA0337.2,"PBM, CSA and or DIP-chip",JASPAR,JASPAR,Mathelier,2014.0,24194598,August 2014,SimilarityRegression,False,Ensembl,http://www.ensembl.org/,2018,Dec,8,0,0.0,1.5093663372739863
94,T131837_3.00,F135_3.00,TS12_3.00,M07859_3.00,MS34_3.00,YGL209W,MIG2,Saccharomyces_cerevisiae,D,C2H2 ZF,zf-C2H2,1,0.7554544955391291,MA0338.2,"PBM, CSA and or DIP-chip",JASPAR,JASPAR,Mathelier,2014.0,24194598,August 2014,SimilarityRegression,False,Ensembl,http://www.ensembl.org/,2018,Dec,8,0,0.0,1.52067195003571
95,T131833_3.00,F135_3.00,TS12_3.00,M07855_3.00,MS34_3.00,YER028C,MIG3,Saccharomyces_cerevisiae,D,C2H2 ZF,zf-C2H2,1,0.7554544955391291,MA0339.2,"PBM, CSA and or DIP-chip",JASPAR,JASPAR,Mathelier,2014.0,24194598,August 2014,SimilarityRegression,False,Ensembl,http://www.ensembl.org/,2018,Dec,8,0,0.0,1.486892834386761
96,T319272_3.00,F295_3.00,TS12_3.00,M07893_3.00,MS34_3.00,YER068W,MOT2,Saccharomyces_cerevisiae,D,RRM,RRM_1,1,0.7,MA0379.1,"PBM, CSA and or DIP-chip",JASPAR,JASPAR,Mathelier,2014.0,24194598,August 2014,SequenceIdentity,True,Ensembl,http://www.ensembl.org/,2018,Dec,8,0,0.0,1.9147315817563784
97,T131851_3.00,F135_3.00,TS12_3.00,M00983_3.00,MS24_3.00,YMR070W,MOT3,Saccharomyces_cerevisiae,D,C2H2 ZF,zf-C2H2,1,0.7554544955391291,Mot3,PBM,Gordan2011,PBM,Gordan,2011.0,22189060,,SimilarityRegression,False,Ensembl,http://www.ensembl.org/,2018,Dec,8,0,0.0,1.426606376503271
98,T198677_3.00,F213_3.00,TS12_3.00,M00984_3.00,MS24_3.00,YOL116W,MSN1,Saccharomyces_cerevisiae,D,GCR1,GCR1_C,1,0.7,Msn1,PBM,Gordan2011,PBM,Gordan,2011.0,22189060,,SequenceIdentity,True,Ensembl,http://www.ensembl.org/,2018,Dec,8,0,0.0,1.2053832826536222
99,T131850_3.00,F135_3.00,TS12_3.00,M07867_3.00,MS34_3.00,YMR037C,MSN2,Saccharomyces_cerevisiae,D,C2H2 ZF,zf-C2H2,1,0.7554544955391291,MA0341.1,"PBM, CSA and or DIP-chip",JASPAR,JASPAR,Mathelier,2014.0,24194598,August 2014,SimilarityRegression,False,Ensembl,http://www.ensembl.org/,2018,Dec,8,0,0.0,1.7530477065691497
100,T131845_3.00,F135_3.00,TS12_3.00,M07863_3.00,MS34_3.00,YKL062W,MSN4,Saccharomyces_cerevisiae,D,C2H2 ZF,zf-C2H2,1,0.7554544955391291,MA0342.1,"PBM, CSA and or DIP-chip",JASPAR,JASPAR,Mathelier,2014.0,24194598,August 2014,SimilarityRegression,False,Ensembl,http://www.ensembl.org/,2018,Dec,8,0,0.0,1.856208983654372
101,T350378_3.00,F319_3.00,TS12_3.00,M09756_3.00,MS14_3.00,YMR164C,MSS11,Saccharomyces_cerevisiae,D,Unknown,UNKNOWN,1,0.7,YMR164C_204,Misc,DeBoer11,Misc,DeBoer,2011.0,22102575,June 2011,SequenceIdentity,True,Ensembl,http://www.ensembl.org/,2018,Dec,8,0,6.0,1.9999999998804108
102,T300159_3.00,F275_3.00,TS12_3.00,M01645_3.00,MS67_3.00,YHR124W,NDT80,Saccharomyces_cerevisiae,D,Ndt80/PhoG,NDT80_PhoG,1,0.7,Ndt80,PBM,Zhu09,PBM,Zhu,2009.0,19158363,,SequenceIdentity,True,Ensembl,http://www.ensembl.org/,2018,Dec,8,0,0.0,0.5699632303420895
103,T333321_3.00,F305_3.00,TS12_3.00,M07894_3.00,MS34_3.00,YDL002C,NHP10,Saccharomyces_cerevisiae,D,Sox,HMG_box,1,0.41467188012634704,MA0344.1,"PBM, CSA and or DIP-chip",JASPAR,JASPAR,Mathelier,2014.0,24194598,August 2014,SimilarityRegression,False,Ensembl,http://www.ensembl.org/,2018,Dec,8,0,0.0,1.4826663797116275
104,T333325_3.00,F305_3.00,TS12_3.00,M01648_3.00,MS67_3.00,YPR052C,NHP6A,Saccharomyces_cerevisiae,D,Sox,HMG_box,1,0.41467188012634704,Nhp6a,PBM,Zhu09,PBM,Zhu,2009.0,19158363,,SimilarityRegression,False,Ensembl,http://www.ensembl.org/,2018,Dec,8,0,0.0,0.33203764324436436
105,T333320_3.00,F305_3.00,TS12_3.00,M01647_3.00,MS67_3.00,YBR089C-A,NHP6B,Saccharomyces_cerevisiae,D,Sox,HMG_box,1,0.41467188012634704,Nhp6b,PBM,Zhu09,PBM,Zhu,2009.0,19158363,,SimilarityRegression,False,Ensembl,http://www.ensembl.org/,2018,Dec,8,0,0.0,0.24418402606048734
106,T131827_3.00,F135_3.00,TS12_3.00,M01609_3.00,MS67_3.00,YDR043C,NRG1,Saccharomyces_cerevisiae,D,C2H2 ZF,zf-C2H2,1,0.7554544955391291,Nrg1,PBM,Zhu09,PBM,Zhu,2009.0,19158363,,SimilarityRegression,False,Ensembl,http://www.ensembl.org/,2018,Dec,8,0,0.0,0.7608480375400267
107,T131822_3.00,F135_3.00,TS12_3.00,M00980_3.00,MS24_3.00,YBR066C,NRG2,Saccharomyces_cerevisiae,D,C2H2 ZF,zf-C2H2,1,0.7554544955391291,Nrg2,PBM,Gordan2011,PBM,Gordan,2011.0,22189060,,SimilarityRegression,False,Ensembl,http://www.ensembl.org/,2018,Dec,8,0,0.0,1.2178430363649717
108,T282179_3.00,F266_3.00,TS12_3.00,M09587_3.00,MS34_3.00,YDR026C,NSI1,Saccharomyces_cerevisiae,D,Myb/SANT,Myb_DNA-binding,1,0.660512459559739,MA0421.1,COMPILED,JASPAR,JASPAR,Mathelier,2014.0,24194598,August 2014,SimilarityRegression,False,Ensembl,http://www.ensembl.org/,2018,Dec,8,0,6.0,1.6315607690196987
109,T388280_3.00,F324_3.00,TS12_3.00,M07899_3.00,MS34_3.00,YAL051W,OAF1,Saccharomyces_cerevisiae,D,Zinc cluster,Zn_clus,1,0.537139946741652,MA0348.2,"PBM, CSA and or DIP-chip",JASPAR,JASPAR,Mathelier,2014.0,24194598,August 2014,SimilarityRegression,False,Ensembl,http://www.ensembl.org/,2018,Dec,8,0,0.0,1.261047855014915
110,T350367_3.00,F319_3.00,TS12_3.00,M09564_3.00,MS34_3.00,YHL020C,OPI1,Saccharomyces_cerevisiae,D,Unknown,UNKNOWN,1,0.7,MA0349.2,ChIP-chip,JASPAR,JASPAR,Mathelier,2014.0,24194598,August 2014,SequenceIdentity,True,Ensembl,http://www.ensembl.org/,2018,Dec,8,0,6.0,1.9813657362892851
111,T350373_3.00,F319_3.00,TS12_3.00,M09751_3.00,MS14_3.00,YML065W,ORC1,Saccharomyces_cerevisiae,D,Unknown,UNKNOWN,1,0.7,YML065W_1549,Misc,DeBoer11,Misc,DeBoer,2011.0,22102575,June 2011,SequenceIdentity,True,Ensembl,http://www.ensembl.org/,2018,Dec,8,0,6.0,1.2313710520160668
112,T017886_3.00,F039_3.00,TS12_3.00,M00790_3.00,MS13_3.00,YBR060C,ORC2,Saccharomyces_cerevisiae,I,AT hook,AT_hook,1,0.989594959467439,SETBP1.MEXtop1.PBM,PBM,CodeBook,Misc,Vorontsov,2025.0,???,??? 2025,SimilarityRegression,False,Ensembl,http://www.ensembl.org/,2018,Dec,8,1,0.0,0.41311846558745124
113,T350363_3.00,F319_3.00,TS12_3.00,M09744_3.00,MS14_3.00,YFL044C,OTU1,Saccharomyces_cerevisiae,D,Unknown,UNKNOWN,1,0.7,YFL044C_1166,Misc,DeBoer11,Misc,DeBoer,2011.0,22102575,June 2011,SequenceIdentity,True,Ensembl,http://www.ensembl.org/,2018,Dec,8,0,6.0,1.3784537154436267
114,T350355_3.00,F319_3.00,TS12_3.00,M09736_3.00,MS14_3.00,YDR081C,PDC2,Saccharomyces_cerevisiae,D,Unknown,UNKNOWN,1,0.7,YDR081C_1050,Misc,DeBoer11,Misc,DeBoer,2011.0,22102575,June 2011,SequenceIdentity,True,Ensembl,http://www.ensembl.org/,2018,Dec,8,0,6.0,1.5898929028021833
115,T388350_3.00,F324_3.00,TS12_3.00,M01661_3.00,MS67_3.00,YGL013C,PDR1,Saccharomyces_cerevisiae,D,Zinc cluster,Zn_clus,1,0.537139946741652,Pdr1,PBM,Zhu09,PBM,Zhu,2009.0,19158363,,SimilarityRegression,False,Ensembl,http://www.ensembl.org/,2018,Dec,8,0,0.0,1.046543651980152
116,T388333_3.00,F324_3.00,TS12_3.00,M00989_3.00,MS24_3.00,YBL005W,PDR3,Saccharomyces_cerevisiae,D,Zinc cluster,Zn_clus,1,0.537139946741652,Pdr3,PBM,Gordan2011,PBM,Gordan,2011.0,22189060,,SimilarityRegression,False,Ensembl,http://www.ensembl.org/,2018,Dec,8,0,0.0,1.0042027558783373
117,T388369_3.00,F324_3.00,TS12_3.00,M07920_3.00,MS34_3.00,YLR266C,PDR8,Saccharomyces_cerevisiae,D,Zinc cluster,Zn_clus,1,0.537139946741652,MA0354.2,"PBM, CSA and or DIP-chip",JASPAR,JASPAR,Mathelier,2014.0,24194598,August 2014,SimilarityRegression,False,Ensembl,http://www.ensembl.org/,2018,Dec,8,0,0.0,1.7185840585503585
118,T012465_3.00,F026_3.00,TS12_3.00,M07841_3.00,MS34_3.00,YKL043W,PHD1,Saccharomyces_cerevisiae,D,APSES,KilA-N,1,0.6503772477172199,MA0355.2,"PBM, CSA and or DIP-chip",JASPAR,JASPAR,Mathelier,2014.0,24194598,August 2014,SimilarityRegression,False,Ensembl,http://www.ensembl.org/,2018,Dec,8,0,0.0,1.2743349390622605
119,T224759_3.00,F223_3.00,TS12_3.00,M07886_3.00,MS34_3.00,YDL106C,PHO2,Saccharomyces_cerevisiae,D,Homeodomain,Homeobox,1,0.598692764790911,MA0356.1,"PBM, CSA and or DIP-chip",JASPAR,JASPAR,Mathelier,2014.0,24194598,August 2014,SimilarityRegression,False,Ensembl,http://www.ensembl.org/,2018,Dec,8,0,0.0,1.2402513657910685
120,T046366_3.00,F082_3.00,TS12_3.00,M01601_3.00,MS67_3.00,YFR034C,PHO4,Saccharomyces_cerevisiae,D,bHLH,HLH,1,0.837833807768996,Pho4,PBM,Zhu09,PBM,Zhu,2009.0,19158363,,SimilarityRegression,False,Ensembl,http://www.ensembl.org/,2018,Dec,8,0,0.0,0.7437361137686119
121,T388365_3.00,F324_3.00,TS12_3.00,M09800_3.00,MS14_3.00,YLR014C,PPR1,Saccharomyces_cerevisiae,D,Zinc cluster,Zn_clus,1,0.537139946741652,YLR014C_2064,Misc,DeBoer11,Misc,DeBoer,2011.0,22102575,June 2011,SimilarityRegression,False,Ensembl,http://www.ensembl.org/,2018,Dec,8,0,6.0,0.9197967077838071
122,T388360_3.00,F324_3.00,TS12_3.00,M07914_3.00,MS34_3.00,YKL015W,PUT3,Saccharomyces_cerevisiae,D,Zinc cluster,Zn_clus,1,0.537139946741652,MA0358.2,"PBM, CSA and or DIP-chip",JASPAR,JASPAR,Mathelier,2014.0,24194598,August 2014,SimilarityRegression,False,Ensembl,http://www.ensembl.org/,2018,Dec,8,0,0.0,1.686049318277963
123,T131860_3.00,F135_3.00,TS12_3.00,M09671_3.00,MS14_3.00,YPR186C,PZF1,Saccharomyces_cerevisiae,D,C2H2 ZF,zf-C2H2,1,0.7554544955391291,YPR186C_1321,Misc,DeBoer11,Misc,DeBoer,2011.0,22102575,June 2011,SimilarityRegression,False,Ensembl,http://www.ensembl.org/,2018,Dec,8,0,6.0,1.999999999880411
124,T316925_3.00,F291_3.00,TS12_3.00,M01646_3.00,MS67_3.00,YNL216W,RAP1,Saccharomyces_cerevisiae,D,Rap1,Rap1-DNA-bind,1,0.7,Rap1,PBM,Zhu09,PBM,Zhu,2009.0,19158363,,SequenceIdentity,True,Ensembl,http://www.ensembl.org/,2018,Dec,8,0,0.0,0.5675160802981584
125,T350377_3.00,F319_3.00,TS12_3.00,M09755_3.00,MS14_3.00,YMR075W,RCO1,Saccharomyces_cerevisiae,D,Unknown,UNKNOWN,1,0.7,YMR075W_1066,Misc,DeBoer11,Misc,DeBoer,2011.0,22102575,June 2011,SequenceIdentity,True,Ensembl,http://www.ensembl.org/,2018,Dec,8,0,6.0,1.1368462018434036
126,T388382_3.00,F324_3.00,TS12_3.00,M07931_3.00,MS34_3.00,YOR380W,RDR1,Saccharomyces_cerevisiae,D,Zinc cluster,Zn_clus,1,0.537139946741652,MA0360.2,"PBM, CSA and or DIP-chip",JASPAR,JASPAR,Mathelier,2014.0,24194598,August 2014,SimilarityRegression,False,Ensembl,http://www.ensembl.org/,2018,Dec,8,0,0.0,1.676775595005532
127,T388340_3.00,F324_3.00,TS12_3.00,M07903_3.00,MS34_3.00,YCR106W,RDS1,Saccharomyces_cerevisiae,D,Zinc cluster,Zn_clus,1,0.537139946741652,MA0361.2,"PBM, CSA and or DIP-chip",JASPAR,JASPAR,Mathelier,2014.0,24194598,August 2014,SimilarityRegression,False,Ensembl,http://www.ensembl.org/,2018,Dec,8,0,0.0,1.5923688914710084
128,T388383_3.00,F324_3.00,TS12_3.00,M07932_3.00,MS34_3.00,YPL133C,RDS2,Saccharomyces_cerevisiae,D,Zinc cluster,Zn_clus,1,0.537139946741652,MA0362.2,"PBM, CSA and or DIP-chip",JASPAR,JASPAR,Mathelier,2014.0,24194598,August 2014,SimilarityRegression,False,Ensembl,http://www.ensembl.org/,2018,Dec,8,0,0.0,1.6633100916252177
129,T282177_3.00,F266_3.00,TS12_3.00,M00118_3.00,MS01_3.00,YBR049C,REB1,Saccharomyces_cerevisiae,D,Myb/SANT,Myb_DNA-binding,1,0.660512459559739,REB1_4402,PBM,Badis08,PBM,Badis,2008.0,19111667,,SimilarityRegression,False,Ensembl,http://www.ensembl.org/,2018,Dec,8,0,0.0,1.7340673734253524
130,T131823_3.00,F135_3.00,TS12_3.00,M07848_3.00,MS34_3.00,YBR267W,REI1,Saccharomyces_cerevisiae,D,C2H2 ZF,zf-C2H2,1,0.7554544955391291,MA0364.1,"PBM, CSA and or DIP-chip",JASPAR,JASPAR,Mathelier,2014.0,24194598,August 2014,SimilarityRegression,False,Ensembl,http://www.ensembl.org/,2018,Dec,8,0,0.0,1.6443640154118817
131,T318857_3.00,F294_3.00,TS12_3.00,M07892_3.00,MS34_3.00,YLR176C,RFX1,Saccharomyces_cerevisiae,D,RFX,RFX_DNA_binding,1,0.6502061722952671,MA0365.2,"PBM, CSA and or DIP-chip",JASPAR,JASPAR,Mathelier,2014.0,24194598,August 2014,SimilarityRegression,False,Ensembl,http://www.ensembl.org/,2018,Dec,8,0,0.0,1.5921397123725345
132,T131852_3.00,F135_3.00,TS12_3.00,M07868_3.00,MS34_3.00,YMR182C,RGM1,Saccharomyces_cerevisiae,D,C2H2 ZF,zf-C2H2,1,0.7554544955391291,MA0366.1,"PBM, CSA and or DIP-chip",JASPAR,JASPAR,Mathelier,2014.0,24194598,August 2014,SimilarityRegression,False,Ensembl,http://www.ensembl.org/,2018,Dec,8,0,0.0,1.7984604848357542
133,T388361_3.00,F324_3.00,TS12_3.00,M07915_3.00,MS34_3.00,YKL038W,RGT1,Saccharomyces_cerevisiae,D,Zinc cluster,Zn_clus,1,0.537139946741652,MA0367.2,"PBM, CSA and or DIP-chip",JASPAR,JASPAR,Mathelier,2014.0,24194598,August 2014,SimilarityRegression,False,Ensembl,http://www.ensembl.org/,2018,Dec,8,0,0.0,1.1815711383125493
134,T131841_3.00,F135_3.00,TS12_3.00,M07861_3.00,MS34_3.00,YHL027W,RIM101,Saccharomyces_cerevisiae,D,C2H2 ZF,zf-C2H2,1,0.7554544955391291,MA0368.1,"PBM, CSA and or DIP-chip",JASPAR,JASPAR,Mathelier,2014.0,24194598,August 2014,SimilarityRegression,False,Ensembl,http://www.ensembl.org/,2018,Dec,8,0,0.0,1.7601901456636477
135,T256842_3.00,F256_3.00,TS12_3.00,M09586_3.00,MS34_3.00,YPL089C,RLM1,Saccharomyces_cerevisiae,D,MADS box,SRF-TF,1,0.7,MA0369.2,COMPILED,JASPAR,JASPAR,Mathelier,2014.0,24194598,August 2014,SequenceIdentity,True,Ensembl,http://www.ensembl.org/,2018,Dec,8,0,6.0,1.4362228836244346
136,T131839_3.00,F135_3.00,TS12_3.00,M09548_3.00,MS34_3.00,YGR044C,RME1,Saccharomyces_cerevisiae,D,C2H2 ZF,zf-C2H2,1,0.7554544955391291,MA0370.1,ChIP-chip,JASPAR,JASPAR,Mathelier,2014.0,24194598,August 2014,SimilarityRegression,False,Ensembl,http://www.ensembl.org/,2018,Dec,8,0,6.0,0.990037292641798
137,T333326_3.00,F305_3.00,TS12_3.00,M07896_3.00,MS34_3.00,YPR065W,ROX1,Saccharomyces_cerevisiae,D,Sox,HMG_box,1,0.41467188012634704,MA0371.1,"PBM, CSA and or DIP-chip",JASPAR,JASPAR,Mathelier,2014.0,24194598,August 2014,SimilarityRegression,False,Ensembl,http://www.ensembl.org/,2018,Dec,8,0,0.0,1.3285604151945858
138,T131835_3.00,F135_3.00,TS12_3.00,M07857_3.00,MS34_3.00,YER169W,RPH1,Saccharomyces_cerevisiae,D,C2H2 ZF,zf-C2H2,1,0.7554544955391291,MA0372.2,"PBM, CSA and or DIP-chip",JASPAR,JASPAR,Mathelier,2014.0,24194598,August 2014,SimilarityRegression,False,Ensembl,http://www.ensembl.org/,2018,Dec,8,0,0.0,1.6413206110944039
139,T131824_3.00,F135_3.00,TS12_3.00,M07849_3.00,MS34_3.00,YDL020C,RPN4,Saccharomyces_cerevisiae,D,C2H2 ZF,zf-C2H2,1,0.7554544955391291,MA0373.1,"PBM, CSA and or DIP-chip",JASPAR,JASPAR,Mathelier,2014.0,24194598,August 2014,SimilarityRegression,False,Ensembl,http://www.ensembl.org/,2018,Dec,8,0,0.0,1.6754687075422392
140,T388345_3.00,F324_3.00,TS12_3.00,M07907_3.00,MS34_3.00,YDR303C,RSC3,Saccharomyces_cerevisiae,D,Zinc cluster,Zn_clus,1,0.537139946741652,MA0374.2,"PBM, CSA and or DIP-chip",JASPAR,JASPAR,Mathelier,2014.0,24194598,August 2014,SimilarityRegression,False,Ensembl,http://www.ensembl.org/,2018,Dec,8,0,0.0,1.5689585174990737
141,T388353_3.00,F324_3.00,TS12_3.00,M07910_3.00,MS34_3.00,YHR056C,RSC30,Saccharomyces_cerevisiae,D,Zinc cluster,Zn_clus,1,0.537139946741652,MA0375.2,"PBM, CSA and or DIP-chip",JASPAR,JASPAR,Mathelier,2014.0,24194598,August 2014,SimilarityRegression,False,Ensembl,http://www.ensembl.org/,2018,Dec,8,0,0.0,1.4048435309438219
142,T131844_3.00,F135_3.00,TS12_3.00,M07862_3.00,MS34_3.00,YJR127C,RSF2,Saccharomyces_cerevisiae,D,C2H2 ZF,zf-C2H2,1,0.7554544955391291,MA0441.2,"PBM, CSA and or DIP-chip",JASPAR,JASPAR,Mathelier,2014.0,24194598,August 2014,SimilarityRegression,False,Ensembl,http://www.ensembl.org/,2018,Dec,8,0,0.0,1.4076311603975602
143,T046368_3.00,F082_3.00,TS12_3.00,M09610_3.00,MS14_3.00,YOL067C,RTG1,Saccharomyces_cerevisiae,D,bHLH,HLH,1,0.837833807768996,YOL067C_1494,Misc,DeBoer11,Misc,DeBoer,2011.0,22102575,June 2011,SimilarityRegression,False,Ensembl,http://www.ensembl.org/,2018,Dec,8,0,6.0,0.587442332551672
144,T046364_3.00,F082_3.00,TS12_3.00,M01600_3.00,MS67_3.00,YBL103C,RTG3,Saccharomyces_cerevisiae,D,bHLH,HLH,1,0.837833807768996,Rtg3,PBM,Zhu09,PBM,Zhu,2009.0,19158363,,SimilarityRegression,False,Ensembl,http://www.ensembl.org/,2018,Dec,8,0,0.0,0.6459604298256338
145,T242487_3.00,F238_3.00,TS12_3.00,M01638_3.00,MS67_3.00,YOR140W,SFL1,Saccharomyces_cerevisiae,D,HSF,HSF_DNA-bind,1,0.318226806610659,Sfl1,PBM,Zhu09,PBM,Zhu,2009.0,19158363,,SimilarityRegression,False,Ensembl,http://www.ensembl.org/,2018,Dec,8,0,0.0,0.8763716537335328
146,T131848_3.00,F135_3.00,TS12_3.00,M01618_3.00,MS67_3.00,YLR403W,SFP1,Saccharomyces_cerevisiae,D,C2H2 ZF,zf-C2H2,1,0.7554544955391291,Sfp1,PBM,Zhu09,PBM,Zhu,2009.0,19158363,,SimilarityRegression,False,Ensembl,http://www.ensembl.org/,2018,Dec,8,0,0.0,1.4950933185053592
147,T388357_3.00,F324_3.00,TS12_3.00,M07913_3.00,MS34_3.00,YJL089W,SIP4,Saccharomyces_cerevisiae,D,Zinc cluster,Zn_clus,1,0.537139946741652,MA0380.2,"PBM, CSA and or DIP-chip",JASPAR,JASPAR,Mathelier,2014.0,24194598,August 2014,SimilarityRegression,False,Ensembl,http://www.ensembl.org/,2018,Dec,8,0,0.0,1.3981048656709278
148,T242485_3.00,F238_3.00,TS12_3.00,M07891_3.00,MS34_3.00,YHR206W,SKN7,Saccharomyces_cerevisiae,D,HSF,HSF_DNA-bind,1,0.318226806610659,MA0381.2,"PBM, CSA and or DIP-chip",JASPAR,JASPAR,Mathelier,2014.0,24194598,August 2014,SimilarityRegression,False,Ensembl,http://www.ensembl.org/,2018,Dec,8,0,0.0,1.5840183980180227
149,T069500_3.00,F091_3.00,TS12_3.00,M00978_3.00,MS24_3.00,YNL167C,SKO1,Saccharomyces_cerevisiae,D,bZIP,bZIP_1,1,0.7817561867494799,Sko1,PBM,Gordan2011,PBM,Gordan,2011.0,22189060,,SimilarityRegression,False,Ensembl,http://www.ensembl.org/,2018,Dec,8,0,0.0,1.2574868901700047
150,T350387_3.00,F319_3.00,TS12_3.00,M09761_3.00,MS14_3.00,YPR054W,SMK1,Saccharomyces_cerevisiae,D,Unknown,UNKNOWN,1,0.7,YPR054W_1875,Misc,DeBoer11,Misc,DeBoer,2011.0,22102575,June 2011,SequenceIdentity,True,Ensembl,http://www.ensembl.org/,2018,Dec,8,0,6.0,0.9115121667917523
151,T256839_3.00,F256_3.00,TS12_3.00,M01639_3.00,MS67_3.00,YBR182C,SMP1,Saccharomyces_cerevisiae,D,MADS box,SRF-TF,1,0.7,Smp1,PBM,Zhu09,PBM,Zhu,2009.0,19158363,,SequenceIdentity,True,Ensembl,http://www.ensembl.org/,2018,Dec,8,0,0.0,1.7657079718390163
152,T350358_3.00,F319_3.00,TS12_3.00,M09739_3.00,MS14_3.00,YDR477W,SNF1,Saccharomyces_cerevisiae,D,Unknown,UNKNOWN,1,0.7,YDR477W_1110,Misc,DeBoer11,Misc,DeBoer,2011.0,22102575,June 2011,SequenceIdentity,True,Ensembl,http://www.ensembl.org/,2018,Dec,8,0,6.0,1.3061935542806755
153,T350364_3.00,F319_3.00,TS12_3.00,M09589_3.00,MS34_3.00,YGL131C,SNT2,Saccharomyces_cerevisiae,D,Unknown,UNKNOWN,1,0.7,MA0384.2,COMPILED,JASPAR,JASPAR,Mathelier,2014.0,24194598,August 2014,SequenceIdentity,True,Ensembl,http://www.ensembl.org/,2018,Dec,8,0,6.0,1.744838040521394
154,T012466_3.00,F026_3.00,TS12_3.00,M07842_3.00,MS34_3.00,YMR016C,SOK2,Saccharomyces_cerevisiae,D,APSES,KilA-N,1,0.6503772477172199,MA0385.2,"PBM, CSA and or DIP-chip",JASPAR,JASPAR,Mathelier,2014.0,24194598,August 2014,SimilarityRegression,False,Ensembl,http://www.ensembl.org/,2018,Dec,8,0,0.0,1.2112109056126938
155,T350368_3.00,F319_3.00,TS12_3.00,M09748_3.00,MS14_3.00,YJL127C,SPT10,Saccharomyces_cerevisiae,D,Unknown,UNKNOWN,1,0.7,YJL127C_1880,Misc,DeBoer11,Misc,DeBoer,2011.0,22102575,June 2011,SequenceIdentity,True,Ensembl,http://www.ensembl.org/,2018,Dec,8,0,6.0,1.0921151575869386
156,T343007_3.00,F313_3.00,TS12_3.00,M01649_3.00,MS67_3.00,YER148W,SPT15,Saccharomyces_cerevisiae,D,TBP,TBP,1,0.7,Spt15,PBM,Zhu09,PBM,Zhu,2009.0,19158363,,SequenceIdentity,True,Ensembl,http://www.ensembl.org/,2018,Dec,8,0,0.0,0.5407595210300339
157,T350362_3.00,F319_3.00,TS12_3.00,M09563_3.00,MS34_3.00,YER161C,SPT2,Saccharomyces_cerevisiae,D,Unknown,UNKNOWN,1,0.7,MA0387.1,ChIP-chip,JASPAR,JASPAR,Mathelier,2014.0,24194598,August 2014,SequenceIdentity,True,Ensembl,http://www.ensembl.org/,2018,Dec,8,0,6.0,1.12121094414614
158,T350370_3.00,F319_3.00,TS12_3.00,M09566_3.00,MS34_3.00,YKL020C,SPT23,Saccharomyces_cerevisiae,D,Unknown,UNKNOWN,1,0.7,MA0388.1,ChIP-chip,JASPAR,JASPAR,Mathelier,2014.0,24194598,August 2014,SequenceIdentity,True,Ensembl,http://www.ensembl.org/,2018,Dec,8,0,6.0,1.218905731878515
159,T195736_3.00,F201_3.00,TS12_3.00,M07877_3.00,MS34_3.00,YCR018C,SRD1,Saccharomyces_cerevisiae,D,GATA,GATA,1,0.80190444105386,MA0389.2,"PBM, CSA and or DIP-chip",JASPAR,JASPAR,Mathelier,2014.0,24194598,August 2014,SimilarityRegression,False,Ensembl,http://www.ensembl.org/,2018,Dec,8,0,0.0,1.3305727197151647
160,T350376_3.00,F319_3.00,TS12_3.00,M09754_3.00,MS14_3.00,YMR053C,STB2,Saccharomyces_cerevisiae,D,Unknown,UNKNOWN,1,0.7,YMR053C_710,Misc,DeBoer11,Misc,DeBoer,2011.0,22102575,June 2011,SequenceIdentity,True,Ensembl,http://www.ensembl.org/,2018,Dec,8,0,6.0,1.3391254129473027
161,T350356_3.00,F319_3.00,TS12_3.00,M01651_3.00,MS67_3.00,YDR169C,STB3,Saccharomyces_cerevisiae,D,Unknown,UNKNOWN,1,0.7,Stb3,PBM,Zhu09,PBM,Zhu,2009.0,19158363,,SequenceIdentity,True,Ensembl,http://www.ensembl.org/,2018,Dec,8,0,0.0,0.7899403777392537
162,T388373_3.00,F324_3.00,TS12_3.00,M07923_3.00,MS34_3.00,YMR019W,STB4,Saccharomyces_cerevisiae,D,Zinc cluster,Zn_clus,1,0.537139946741652,MA0391.1,"PBM, CSA and or DIP-chip",JASPAR,JASPAR,Mathelier,2014.0,24194598,August 2014,SimilarityRegression,False,Ensembl,http://www.ensembl.org/,2018,Dec,8,0,0.0,1.6270725853936319
163,T388354_3.00,F324_3.00,TS12_3.00,M07911_3.00,MS34_3.00,YHR178W,STB5,Saccharomyces_cerevisiae,D,Zinc cluster,Zn_clus,1,0.537139946741652,MA0392.1,"PBM, CSA and or DIP-chip",JASPAR,JASPAR,Mathelier,2014.0,24194598,August 2014,SimilarityRegression,False,Ensembl,http://www.ensembl.org/,2018,Dec,8,0,0.0,1.1268045395301636
164,T338136_3.00,F309_3.00,TS12_3.00,M00987_3.00,MS24_3.00,YHR084W,STE12,Saccharomyces_cerevisiae,D,STE,STE,1,0.7,Ste12,PBM,Gordan2011,PBM,Gordan,2011.0,22189060,,SequenceIdentity,True,Ensembl,http://www.ensembl.org/,2018,Dec,8,0,0.0,1.2924678658682123
165,T131832_3.00,F135_3.00,TS12_3.00,M00981_3.00,MS24_3.00,YDR463W,STP1,Saccharomyces_cerevisiae,D,C2H2 ZF,zf-C2H2,1,0.7554544955391291,Stp1,PBM,Gordan2011,PBM,Gordan,2011.0,22189060,,SimilarityRegression,False,Ensembl,http://www.ensembl.org/,2018,Dec,8,0,0.0,1.2087263694573722
166,T131842_3.00,F135_3.00,TS12_3.00,M01617_3.00,MS67_3.00,YHR006W,STP2,Saccharomyces_cerevisiae,D,C2H2 ZF,zf-C2H2,1,0.7554544955391291,Stp2,PBM,Zhu09,PBM,Zhu,2009.0,19158363,,SimilarityRegression,False,Ensembl,http://www.ensembl.org/,2018,Dec,8,0,0.0,0.5063258999169075
167,T131847_3.00,F135_3.00,TS12_3.00,M07865_3.00,MS34_3.00,YLR375W,STP3,Saccharomyces_cerevisiae,D,C2H2 ZF,zf-C2H2,1,0.7554544955391291,MA0396.2,"PBM, CSA and or DIP-chip",JASPAR,JASPAR,Mathelier,2014.0,24194598,August 2014,SimilarityRegression,False,Ensembl,http://www.ensembl.org/,2018,Dec,8,0,0.0,1.7828861350177831
168,T131825_3.00,F135_3.00,TS12_3.00,M07850_3.00,MS34_3.00,YDL048C,STP4,Saccharomyces_cerevisiae,D,C2H2 ZF,zf-C2H2,1,0.7554544955391291,MA0397.2,"PBM, CSA and or DIP-chip",JASPAR,JASPAR,Mathelier,2014.0,24194598,August 2014,SimilarityRegression,False,Ensembl,http://www.ensembl.org/,2018,Dec,8,0,0.0,1.8169628716785284
169,T350388_3.00,F319_3.00,TS12_3.00,M09762_3.00,MS14_3.00,YPR086W,SUA7,Saccharomyces_cerevisiae,D,Unknown,UNKNOWN,1,0.7,YPR086W_1327,Misc,DeBoer11,Misc,DeBoer,2011.0,22102575,June 2011,SequenceIdentity,True,Ensembl,http://www.ensembl.org/,2018,Dec,8,0,6.0,1.2411110876980416
170,T017887_3.00,F039_3.00,TS12_3.00,M07843_3.00,MS34_3.00,YDR310C,SUM1,Saccharomyces_cerevisiae,D,AT hook,AT_hook,1,0.989594959467439,MA0398.2,"PBM, CSA and or DIP-chip",JASPAR,JASPAR,Mathelier,2014.0,24194598,August 2014,SimilarityRegression,False,Ensembl,http://www.ensembl.org/,2018,Dec,8,0,0.0,1.1274092450328097
171,T388351_3.00,F324_3.00,TS12_3.00,M00993_3.00,MS24_3.00,YGL162W,SUT1,Saccharomyces_cerevisiae,D,Zinc cluster,Zn_clus,1,0.537139946741652,Sut1,PBM,Gordan2011,PBM,Gordan,2011.0,22189060,,SimilarityRegression,False,Ensembl,http://www.ensembl.org/,2018,Dec,8,0,0.0,1.466410763230323
172,T388385_3.00,F324_3.00,TS12_3.00,M01682_3.00,MS67_3.00,YPR009W,SUT2,Saccharomyces_cerevisiae,D,Zinc cluster,Zn_clus,1,0.537139946741652,Sut2,PBM,Zhu09,PBM,Zhu,2009.0,19158363,,SimilarityRegression,False,Ensembl,http://www.ensembl.org/,2018,Dec,8,0,0.0,0.7898658558997166
173,T012463_3.00,F026_3.00,TS12_3.00,M07839_3.00,MS34_3.00,YER111C,SWI4,Saccharomyces_cerevisiae,D,APSES,KilA-N,1,0.6503772477172199,MA0401.1,"PBM, CSA and or DIP-chip",JASPAR,JASPAR,Mathelier,2014.0,24194598,August 2014,SimilarityRegression,False,Ensembl,http://www.ensembl.org/,2018,Dec,8,0,0.0,1.4912043798140941
174,T131829_3.00,F135_3.00,TS12_3.00,M07852_3.00,MS34_3.00,YDR146C,SWI5,Saccharomyces_cerevisiae,D,C2H2 ZF,zf-C2H2,1,0.7554544955391291,MA0402.2,"PBM, CSA and or DIP-chip",JASPAR,JASPAR,Mathelier,2014.0,24194598,August 2014,SimilarityRegression,False,Ensembl,http://www.ensembl.org/,2018,Dec,8,0,0.0,1.6023868321881785
175,T282185_3.00,F266_3.00,TS12_3.00,M01644_3.00,MS67_3.00,YPL128C,TBF1,Saccharomyces_cerevisiae,D,Myb/SANT,Myb_DNA-binding,1,0.660512459559739,Tbf1,PBM,Zhu09,PBM,Zhu,2009.0,19158363,,SimilarityRegression,False,Ensembl,http://www.ensembl.org/,2018,Dec,8,0,0.0,0.8299276225212809
176,T388336_3.00,F324_3.00,TS12_3.00,M07901_3.00,MS34_3.00,YBR150C,TBS1,Saccharomyces_cerevisiae,D,Zinc cluster,Zn_clus,1,0.537139946741652,MA0404.1,"PBM, CSA and or DIP-chip",JASPAR,JASPAR,Mathelier,2014.0,24194598,August 2014,SimilarityRegression,False,Ensembl,http://www.ensembl.org/,2018,Dec,8,0,0.0,1.2292268192456115
177,T131849_3.00,F135_3.00,TS12_3.00,M07866_3.00,MS34_3.00,YML081W,TDA9,Saccharomyces_cerevisiae,D,C2H2 ZF,zf-C2H2,1,0.7554544955391291,MA0431.2,"PBM, CSA and or DIP-chip",JASPAR,JASPAR,Mathelier,2014.0,24194598,August 2014,SimilarityRegression,False,Ensembl,http://www.ensembl.org/,2018,Dec,8,0,0.0,1.5420693370740888
178,T388380_3.00,F324_3.00,TS12_3.00,M07930_3.00,MS34_3.00,YOR337W,TEA1,Saccharomyces_cerevisiae,D,Zinc cluster,Zn_clus,1,0.537139946741652,MA0405.1,"PBM, CSA and or DIP-chip",JASPAR,JASPAR,Mathelier,2014.0,24194598,August 2014,SimilarityRegression,False,Ensembl,http://www.ensembl.org/,2018,Dec,8,0,0.0,1.1655546841852664
179,T346956_3.00,F317_3.00,TS12_3.00,M07897_3.00,MS34_3.00,YBR083W,TEC1,Saccharomyces_cerevisiae,D,TEA,TEA,1,0.7,MA0406.2,"PBM, CSA and or DIP-chip",JASPAR,JASPAR,Mathelier,2014.0,24194598,August 2014,SequenceIdentity,True,Ensembl,http://www.ensembl.org/,2018,Dec,8,0,0.0,1.5042134755990326
180,T388338_3.00,F324_3.00,TS12_3.00,M09591_3.00,MS34_3.00,YBR240C,THI2,Saccharomyces_cerevisiae,D,Zinc cluster,Zn_clus,1,0.537139946741652,MA0407.1,COMPILED,JASPAR,JASPAR,Mathelier,2014.0,24194598,August 2014,SimilarityRegression,False,Ensembl,http://www.ensembl.org/,2018,Dec,8,0,6.0,1.4420321720091278
181,T350380_3.00,F319_3.00,TS12_3.00,M09757_3.00,MS14_3.00,YNL139C,THO2,Saccharomyces_cerevisiae,D,Unknown,UNKNOWN,1,0.7,YNL139C_786,Misc,DeBoer11,Misc,DeBoer,2011.0,22102575,June 2011,SequenceIdentity,True,Ensembl,http://www.ensembl.org/,2018,Dec,8,0,6.0,1.2273813938684044
182,T282176_3.00,F266_3.00,TS12_3.00,M01641_3.00,MS67_3.00,YBL054W,TOD6,Saccharomyces_cerevisiae,D,Myb/SANT,Myb_DNA-binding,1,0.660512459559739,Pbf1,PBM,Zhu09,PBM,Zhu,2009.0,19158363,,SimilarityRegression,False,Ensembl,http://www.ensembl.org/,2018,Dec,8,0,0.0,0.6255774455835355
183,T388348_3.00,F324_3.00,TS12_3.00,M07909_3.00,MS34_3.00,YER184C,TOG1,Saccharomyces_cerevisiae,D,Zinc cluster,Zn_clus,1,0.537139946741652,MA0424.2,"PBM, CSA and or DIP-chip",JASPAR,JASPAR,Mathelier,2014.0,24194598,August 2014,SimilarityRegression,False,Ensembl,http://www.ensembl.org/,2018,Dec,8,0,0.0,1.4806592224367179
184,T224761_3.00,F223_3.00,TS12_3.00,M07887_3.00,MS34_3.00,YGL096W,TOS8,Saccharomyces_cerevisiae,D,Homeodomain,Homeobox,1,0.598692764790911,MA0408.2,"PBM, CSA and or DIP-chip",JASPAR,JASPAR,Mathelier,2014.0,24194598,August 2014,SimilarityRegression,False,Ensembl,http://www.ensembl.org/,2018,Dec,8,0,0.0,1.629930818157882
185,T046371_3.00,F082_3.00,TS12_3.00,M07844_3.00,MS34_3.00,YOR344C,TYE7,Saccharomyces_cerevisiae,D,bHLH,HLH,1,0.837833807768996,MA0409.1,"PBM, CSA and or DIP-chip",JASPAR,JASPAR,Mathelier,2014.0,24194598,August 2014,SimilarityRegression,False,Ensembl,http://www.ensembl.org/,2018,Dec,8,0,0.0,1.6857919953019276
186,T388341_3.00,F324_3.00,TS12_3.00,M07904_3.00,MS34_3.00,YDL170W,UGA3,Saccharomyces_cerevisiae,D,Zinc cluster,Zn_clus,1,0.537139946741652,MA0410.2,"PBM, CSA and or DIP-chip",JASPAR,JASPAR,Mathelier,2014.0,24194598,August 2014,SimilarityRegression,False,Ensembl,http://www.ensembl.org/,2018,Dec,8,0,0.0,1.5485846442759226
187,T350386_3.00,F319_3.00,TS12_3.00,M09760_3.00,MS14_3.00,YPL139C,UME1,Saccharomyces_cerevisiae,D,Unknown,UNKNOWN,1,0.7,YPL139C_1143,Misc,DeBoer11,Misc,DeBoer,2011.0,22102575,June 2011,SequenceIdentity,True,Ensembl,http://www.ensembl.org/,2018,Dec,8,0,6.0,1.1478074926746937
188,T388343_3.00,F324_3.00,TS12_3.00,M01657_3.00,MS67_3.00,YDR207C,UME6,Saccharomyces_cerevisiae,D,Zinc cluster,Zn_clus,1,0.537139946741652,Ume6,PBM,Zhu09,PBM,Zhu,2009.0,19158363,,SimilarityRegression,False,Ensembl,http://www.ensembl.org/,2018,Dec,8,0,0.0,0.6433657746328563
189,T388344_3.00,F324_3.00,TS12_3.00,M07906_3.00,MS34_3.00,YDR213W,UPC2,Saccharomyces_cerevisiae,D,Zinc cluster,Zn_clus,1,0.537139946741652,MA0411.2,"PBM, CSA and or DIP-chip",JASPAR,JASPAR,Mathelier,2014.0,24194598,August 2014,SimilarityRegression,False,Ensembl,http://www.ensembl.org/,2018,Dec,8,0,0.0,1.4317986047792546
190,T388347_3.00,F324_3.00,TS12_3.00,M07908_3.00,MS34_3.00,YDR520C,URC2,Saccharomyces_cerevisiae,D,Zinc cluster,Zn_clus,1,0.537139946741652,MA0422.2,"PBM, CSA and or DIP-chip",JASPAR,JASPAR,Mathelier,2014.0,24194598,August 2014,SimilarityRegression,False,Ensembl,http://www.ensembl.org/,2018,Dec,8,0,0.0,1.3992125204048231
191,T131856_3.00,F135_3.00,TS12_3.00,M01620_3.00,MS67_3.00,YPL230W,USV1,Saccharomyces_cerevisiae,D,C2H2 ZF,zf-C2H2,1,0.7554544955391291,Usv1,PBM,Zhu09,PBM,Zhu,2009.0,19158363,,SimilarityRegression,False,Ensembl,http://www.ensembl.org/,2018,Dec,8,0,0.0,1.1304239207722298
192,T350449_3.00,F320_3.00,TS12_3.00,M09763_3.00,MS14_3.00,YIL056W,VHR1,Saccharomyces_cerevisiae,D,VHR1,Vhr1,1,0.7,YIL056W_1325,Misc,DeBoer11,Misc,DeBoer,2011.0,22102575,June 2011,SequenceIdentity,True,Ensembl,http://www.ensembl.org/,2018,Dec,8,0,6.0,0.9999999999402053
193,T350448_3.00,F320_3.00,TS12_3.00,M00988_3.00,MS24_3.00,YER064C,VHR2,Saccharomyces_cerevisiae,D,VHR1,Vhr1,1,0.7,Vhr2,PBM,Gordan2011,PBM,Gordan,2011.0,22189060,,SequenceIdentity,True,Ensembl,http://www.ensembl.org/,2018,Dec,8,0,0.0,1.2609067966888103
194,T350374_3.00,F319_3.00,TS12_3.00,M09752_3.00,MS14_3.00,YML076C,WAR1,Saccharomyces_cerevisiae,D,Unknown,UNKNOWN,1,0.7,YML076C_325,Misc,DeBoer11,Misc,DeBoer,2011.0,22102575,June 2011,SequenceIdentity,True,Ensembl,http://www.ensembl.org/,2018,Dec,8,0,6.0,0.41379310342353326
195,T350383_3.00,F319_3.00,TS12_3.00,M09759_3.00,MS14_3.00,YOR230W,WTM1,Saccharomyces_cerevisiae,D,Unknown,UNKNOWN,1,0.7,YOR230W_1148,Misc,DeBoer11,Misc,DeBoer,2011.0,22102575,June 2011,SequenceIdentity,True,Ensembl,http://www.ensembl.org/,2018,Dec,8,0,6.0,1.1568547779307916
196,T012464_3.00,F026_3.00,TS12_3.00,M07840_3.00,MS34_3.00,YIL101C,XBP1,Saccharomyces_cerevisiae,D,APSES,KilA-N,1,0.6503772477172199,MA0414.2,"PBM, CSA and or DIP-chip",JASPAR,JASPAR,Mathelier,2014.0,24194598,August 2014,SimilarityRegression,False,Ensembl,http://www.ensembl.org/,2018,Dec,8,0,0.0,1.4792259302769208
197,T069499_3.00,F091_3.00,TS12_3.00,M01606_3.00,MS67_3.00,YML007W,YAP1,Saccharomyces_cerevisiae,D,bZIP,bZIP_1,1,0.7817561867494799,Yap1,PBM,Zhu09,PBM,Zhu,2009.0,19158363,,SimilarityRegression,False,Ensembl,http://www.ensembl.org/,2018,Dec,8,0,0.0,0.4818703092495463
198,T069494_3.00,F091_3.00,TS12_3.00,M07846_3.00,MS34_3.00,YHL009C,YAP3,Saccharomyces_cerevisiae,D,bZIP,bZIP_1,1,0.7817561867494799,MA0416.2,"PBM, CSA and or DIP-chip",JASPAR,JASPAR,Mathelier,2014.0,24194598,August 2014,SimilarityRegression,False,Ensembl,http://www.ensembl.org/,2018,Dec,8,0,0.0,1.7379202780769856
199,T069497_3.00,F091_3.00,TS12_3.00,M09542_3.00,MS34_3.00,YIR018W,YAP5,Saccharomyces_cerevisiae,D,bZIP,bZIP_1,1,0.7817561867494799,MA0417.1,ChIP-chip,JASPAR,JASPAR,Mathelier,2014.0,24194598,August 2014,SimilarityRegression,False,Ensembl,http://www.ensembl.org/,2018,Dec,8,0,6.0,1.4136362909347742
200,T069489_3.00,F091_3.00,TS12_3.00,M01604_3.00,MS67_3.00,YDR259C,YAP6,Saccharomyces_cerevisiae,D,bZIP,bZIP_1,1,0.7817561867494799,Yap6,PBM,Zhu09,PBM,Zhu,2009.0,19158363,,SimilarityRegression,False,Ensembl,http://www.ensembl.org/,2018,Dec,8,0,0.0,0.540086935418005
201,T069501_3.00,F091_3.00,TS12_3.00,M09572_3.00,MS34_3.00,YOL028C,YAP7,Saccharomyces_cerevisiae,D,bZIP,bZIP_1,1,0.7817561867494799,MA0419.1,COMPILED,JASPAR,JASPAR,Mathelier,2014.0,24194598,August 2014,SimilarityRegression,False,Ensembl,http://www.ensembl.org/,2018,Dec,8,0,6.0,1.2502174983142682
202,T131840_3.00,F135_3.00,TS12_3.00,M07860_3.00,MS34_3.00,YGR067C,YGR067C,Saccharomyces_cerevisiae,D,C2H2 ZF,zf-C2H2,1,0.7554544955391291,MA0425.2,"PBM, CSA and or DIP-chip",JASPAR,JASPAR,Mathelier,2014.0,24194598,August 2014,SimilarityRegression,False,Ensembl,http://www.ensembl.org/,2018,Dec,8,0,0.0,1.6852622586171249
203,T224760_3.00,F223_3.00,TS12_3.00,M02273_3.00,MS68_3.00,YDR451C,YHP1,Saccharomyces_cerevisiae,D,Homeodomain,Homeobox,1,0.598692764790911,pTH6381,PBM,Zoo_01,PBM,Weirauch,2014.0,25215497,,SimilarityRegression,False,Ensembl,http://www.ensembl.org/,2018,Dec,8,0,0.0,0.5700773766966779
204,T388362_3.00,F324_3.00,TS12_3.00,M07916_3.00,MS34_3.00,YKL222C,YKL222C,Saccharomyces_cerevisiae,D,Zinc cluster,Zn_clus,1,0.537139946741652,MA0428.2,"PBM, CSA and or DIP-chip",JASPAR,JASPAR,Mathelier,2014.0,24194598,August 2014,SimilarityRegression,False,Ensembl,http://www.ensembl.org/,2018,Dec,8,0,0.0,1.2933387803835734
205,T388364_3.00,F324_3.00,TS12_3.00,M07917_3.00,MS34_3.00,YLL054C,YLL054C,Saccharomyces_cerevisiae,D,Zinc cluster,Zn_clus,1,0.537139946741652,MA0429.1,"PBM, CSA and or DIP-chip",JASPAR,JASPAR,Mathelier,2014.0,24194598,August 2014,SimilarityRegression,False,Ensembl,http://www.ensembl.org/,2018,Dec,8,0,0.0,1.2228316266785038
206,T388370_3.00,F324_3.00,TS12_3.00,M07921_3.00,MS34_3.00,YLR278C,YLR278C,Saccharomyces_cerevisiae,D,Zinc cluster,Zn_clus,1,0.537139946741652,MA0430.2,"PBM, CSA and or DIP-chip",JASPAR,JASPAR,Mathelier,2014.0,24194598,August 2014,SimilarityRegression,False,Ensembl,http://www.ensembl.org/,2018,Dec,8,0,0.0,1.4858677324809604
207,T388376_3.00,F324_3.00,TS12_3.00,M07926_3.00,MS34_3.00,YNR063W,YNR063W,Saccharomyces_cerevisiae,D,Zinc cluster,Zn_clus,1,0.537139946741652,MA0432.1,"PBM, CSA and or DIP-chip",JASPAR,JASPAR,Mathelier,2014.0,24194598,August 2014,SimilarityRegression,False,Ensembl,http://www.ensembl.org/,2018,Dec,8,0,0.0,1.4932604819936788
208,T224762_3.00,F223_3.00,TS12_3.00,M07888_3.00,MS34_3.00,YML027W,YOX1,Saccharomyces_cerevisiae,D,Homeodomain,Homeobox,1,0.598692764790911,MA0433.2,"PBM, CSA and or DIP-chip",JASPAR,JASPAR,Mathelier,2014.0,24194598,August 2014,SimilarityRegression,False,Ensembl,http://www.ensembl.org/,2018,Dec,8,0,0.0,1.6155476378328373
209,T131858_3.00,F135_3.00,TS12_3.00,M01622_3.00,MS67_3.00,YPR015C,YPR015C,Saccharomyces_cerevisiae,D,C2H2 ZF,zf-C2H2,1,0.7554544955391291,Ypr015c,PBM,Zhu09,PBM,Zhu,2009.0,19158363,,SimilarityRegression,False,Ensembl,http://www.ensembl.org/,2018,Dec,8,0,0.0,0.6039406035098959
210,T131859_3.00,F135_3.00,TS12_3.00,M07873_3.00,MS34_3.00,YPR022C,YPR022C,Saccharomyces_cerevisiae,D,C2H2 ZF,zf-C2H2,1,0.7554544955391291,MA0436.2,"PBM, CSA and or DIP-chip",JASPAR,JASPAR,Mathelier,2014.0,24194598,August 2014,SimilarityRegression,False,Ensembl,http://www.ensembl.org/,2018,Dec,8,0,0.0,1.7879415394177933
211,T388386_3.00,F324_3.00,TS12_3.00,M07933_3.00,MS34_3.00,YPR196W,YPR196W,Saccharomyces_cerevisiae,D,Zinc cluster,Zn_clus,1,0.537139946741652,MA0437.1,"PBM, CSA and or DIP-chip",JASPAR,JASPAR,Mathelier,2014.0,24194598,August 2014,SimilarityRegression,False,Ensembl,http://www.ensembl.org/,2018,Dec,8,0,0.0,1.0698346216108334
212,T388379_3.00,F324_3.00,TS12_3.00,M07929_3.00,MS34_3.00,YOR172W,YRM1,Saccharomyces_cerevisiae,D,Zinc cluster,Zn_clus,1,0.537139946741652,MA0438.2,"PBM, CSA and or DIP-chip",JASPAR,JASPAR,Mathelier,2014.0,24194598,August 2014,SimilarityRegression,False,Ensembl,http://www.ensembl.org/,2018,Dec,8,0,0.0,1.4837926611480001
213,T388378_3.00,F324_3.00,TS12_3.00,M07928_3.00,MS34_3.00,YOR162C,YRR1,Saccharomyces_cerevisiae,D,Zinc cluster,Zn_clus,1,0.537139946741652,MA0439.2,"PBM, CSA and or DIP-chip",JASPAR,JASPAR,Mathelier,2014.0,24194598,August 2014,SimilarityRegression,False,Ensembl,http://www.ensembl.org/,2018,Dec,8,0,0.0,0.9848652893953076
214,T131843_3.00,F135_3.00,TS12_3.00,M00982_3.00,MS24_3.00,YJL056C,ZAP1,Saccharomyces_cerevisiae,D,C2H2 ZF,zf-C2H2,1,0.7554544955391291,Zap1,PBM,Gordan2011,PBM,Gordan,2011.0,22189060,,SimilarityRegression,False,Ensembl,http://www.ensembl.org/,2018,Dec,8,0,0.0,0.524111464337851
